{"cameraMode":{"drawMode":0,"name":"Shaded","section":"Shading Mode"},"sceneLighting":true,"audioPlay":false,"sceneViewState":{"showFog":true,"showMaterialUpdate":false,"showSkybox":true,"showFlares":true,"showImageEffects":true,"showParticleSystems":true},"in2DMode":false,"pivot":{"x":-14.764652252197266,"y":25.418832778930665,"z":-15.236698150634766},"rotation":{"x":-0.023396022617816926,"y":0.000592268945183605,"z":-0.000013688124454347417,"w":-0.9997274875640869},"size":15.360976219177246,"orthographic":false}