{"cameraMode":{"drawMode":0,"name":"Shaded","section":"Shading Mode"},"sceneLighting":true,"audioPlay":false,"sceneViewState":{"showFog":true,"showMaterialUpdate":false,"showSkybox":true,"showFlares":true,"showImageEffects":true,"showParticleSystems":true},"in2DMode":false,"pivot":{"x":0.5787572860717773,"y":4.5150146484375,"z":-2.3779296875},"rotation":{"x":0.1686888337135315,"y":-0.002956768497824669,"z":0.000506118347402662,"w":0.9856658577919006},"size":2.3889451026916506,"orthographic":true}