{"cameraMode":{"drawMode":0,"name":"Shaded","section":"Shading Mode"},"sceneLighting":false,"audioPlay":false,"sceneViewState":{"showFog":true,"showMaterialUpdate":false,"showSkybox":false,"showFlares":true,"showImageEffects":true,"showParticleSystems":true},"in2DMode":false,"pivot":{"x":-0.004999995231628418,"y":4.226035118103027,"z":-0.002499997615814209},"rotation":{"x":-0.11224009096622467,"y":-0.019374413415789605,"z":-0.0021888522896915676,"w":0.9934899806976318},"size":2.189814567565918,"orthographic":false}