{"cameraMode":{"drawMode":0,"name":"Shaded","section":"Shading Mode"},"sceneLighting":true,"audioPlay":false,"sceneViewState":{"showFog":true,"showMaterialUpdate":true,"showSkybox":true,"showFlares":true,"showImageEffects":true,"showParticleSystems":true},"in2DMode":false,"pivot":{"x":53.66981506347656,"y":-12.641433715820313,"z":197.89691162109376},"rotation":{"x":-0.1326451301574707,"y":0.08225977420806885,"z":-0.011046401225030423,"w":-0.9876875877380371},"size":290.2545471191406,"orthographic":false}