{"cameraMode":{"drawMode":0,"name":"Shaded","section":"Shading Mode"},"sceneLighting":false,"audioPlay":false,"sceneViewState":{"showFog":true,"showMaterialUpdate":true,"showSkybox":false,"showFlares":true,"showImageEffects":true,"showParticleSystems":true},"in2DMode":false,"pivot":{"x":-0.0866241455078125,"y":0.15893405675888062,"z":0.0565645694732666},"rotation":{"x":0.023395273834466935,"y":-0.9190950989723206,"z":0.055211905390024188,"w":0.38945019245147707},"size":2.430803060531616,"orthographic":false}