{"cameraMode":{"drawMode":0,"name":"Shaded","section":"Shading Mode"},"sceneLighting":false,"audioPlay":false,"sceneViewState":{"showFog":true,"showMaterialUpdate":true,"showSkybox":false,"showFlares":true,"showImageEffects":true,"showParticleSystems":true},"in2DMode":false,"pivot":{"x":-2.384185791015625e-7,"y":5.960464477539063e-8,"z":0.0},"rotation":{"x":0.029077230021357538,"y":-0.9220927953720093,"z":0.0706779807806015,"w":0.37935030460357668},"size":2.3559844493865969,"orthographic":false}