{"cameraMode":{"drawMode":0,"name":"Shaded","section":"Shading Mode"},"sceneLighting":true,"audioPlay":false,"sceneViewState":{"showFog":true,"showMaterialUpdate":true,"showSkybox":true,"showFlares":true,"showImageEffects":true,"showParticleSystems":true},"in2DMode":false,"pivot":{"x":-2.384185791015625e-7,"y":5.960464477539063e-8,"z":0.0},"rotation":{"x":0.029295865446329118,"y":-0.9506322741508484,"z":0.29406511783599856,"w":0.09470578283071518},"size":2.521407127380371,"orthographic":false}